Title,Company,Location,Type,URL,Date Added,Status
Data Engineer - Business Strategy Insights Analytics,Spotify,"New York, NY",Content Business,https://jobs.lever.co/spotify/ca3766af-35b1-4d78-9e12-aab1ceca7ec3,2025-11-05T18:52:24Z,Not Applied
"FP&A Analyst, Audiobooks",Spotify,"New York, NY",Financial Planning and Analysis,https://jobs.lever.co/spotify/56d20eb8-a65b-4b0a-9592-4949d09ca1da,2025-11-05T18:52:24Z,Not Applied
Global Rights & Clearances Analyst,Spotify,"New York, NY",Business Affairs,https://jobs.lever.co/spotify/a00810c8-aaf8-4ff7-b182-8bb7aef8e8db,2025-11-05T18:52:24Z,Not Applied
"Machine Learning Engineer, GenRecs, Personalization",Spotify,"New York, NY",Personalization,https://jobs.lever.co/spotify/7a91e2dd-1214-4a50-add2-b6e8a91c6613,2025-11-05T18:52:24Z,Not Applied
"Machine Learning Engineer, Personalization",Spotify,"New York, NY",Personalization,https://jobs.lever.co/spotify/35de0846-f4bb-4975-8f21-382b44aa0e40,2025-11-05T18:52:24Z,Not Applied
"Machine Learning Engineer, Personalization",Spotify,"New York, NY",Personalization,https://jobs.lever.co/spotify/98128e96-330e-47d9-88bb-55a96b126f42,2025-11-05T18:52:24Z,Not Applied
Payroll Specialist,Spotify,"New York, NY",Accounting,https://jobs.lever.co/spotify/184f631b-b751-49d9-bacb-5695b1e3a8e8,2025-11-05T18:52:24Z,Not Applied
"Consulting Pre-Sales Systems Engineer-SLED, NYC ",Purestorage,"New York, New York",,https://boards.greenhouse.io/purestorage/jobs/7343401?gh_jid=7343401,2025-11-05T18:52:16Z,Not Applied
Inventory Analyst,Purestorage,"Remote, Vietnam",,https://boards.greenhouse.io/purestorage/jobs/7278891?gh_jid=7278891,2025-11-05T18:52:16Z,Not Applied
Product Quality Engineer,Purestorage,"Houston, Texas; Santa Clara, California",,https://boards.greenhouse.io/purestorage/jobs/7261014?gh_jid=7261014,2025-11-05T18:52:16Z,Not Applied
Technical Curriculum Developer,Purestorage,"Chicago, Illinois; Lehi, Utah; New York, New York; Santa Clara, California",,https://boards.greenhouse.io/purestorage/jobs/7145087?gh_jid=7145087,2025-11-05T18:52:16Z,Not Applied
Cyber Incident Response/Customer Security Operations - SkillBridge Intern,Zscaler,USA - Update Location,,https://job-boards.greenhouse.io/zscaler/jobs/4946064007,2025-11-05T18:52:14Z,Not Applied
Partner Sales Specialist,Zscaler,Remote - Mexico,,https://job-boards.greenhouse.io/zscaler/jobs/4842198007,2025-11-05T18:52:14Z,Not Applied
Sales Engineer,Zscaler,"Melbourne, AUS",,https://job-boards.greenhouse.io/zscaler/jobs/4917433007,2025-11-05T18:52:14Z,Not Applied
Sales Engineer,Zscaler,Remote - UK,,https://job-boards.greenhouse.io/zscaler/jobs/4832457007,2025-11-05T18:52:14Z,Not Applied
"Sales Engineer - Enterprise, Germany",Zscaler,Remote - Germany,,https://job-boards.greenhouse.io/zscaler/jobs/4738559007,2025-11-05T18:52:14Z,Not Applied
"Sales Engineer, Enterprise - Heartlands",Zscaler,"Remote - Wisconsin, USA",,https://job-boards.greenhouse.io/zscaler/jobs/4925843007,2025-11-05T18:52:14Z,Not Applied
Sales Engineer - German Speaking,Zscaler,"Madrid, ESP; Remote - Spain",,https://job-boards.greenhouse.io/zscaler/jobs/4855699007,2025-11-05T18:52:14Z,Not Applied
Sales Engineer (Red Canary),Zscaler,"Remote - D.C., USA",,https://job-boards.greenhouse.io/zscaler/jobs/4959767007,2025-11-05T18:52:14Z,Not Applied
Specialist Account Executive - Data Security,Zscaler,"Melbourne, AUS; Sydney, AUS",,https://job-boards.greenhouse.io/zscaler/jobs/4942226007,2025-11-05T18:52:14Z,Not Applied
"Specialist Account Executive, Sec Ops - South ",Zscaler,"Remote - Texas, USA",,https://job-boards.greenhouse.io/zscaler/jobs/4949331007,2025-11-05T18:52:14Z,Not Applied
"Specialist Account Executive, ZT Cloud   ",Zscaler,Remote - France,,https://job-boards.greenhouse.io/zscaler/jobs/4954982007,2025-11-05T18:52:14Z,Not Applied
Sr. Software Engineer- Agentic AI & Digital Experience,Zscaler,"San Jose, California, USA",,https://job-boards.greenhouse.io/zscaler/jobs/4919460007,2025-11-05T18:52:14Z,Not Applied
"Sr. Software Engineer, Integrations",Zscaler,"San Jose, California, USA",,https://job-boards.greenhouse.io/zscaler/jobs/4947675007,2025-11-05T18:52:14Z,Not Applied
Technical Enablement- SkillBridge Intern,Zscaler,Remote - USA,,https://job-boards.greenhouse.io/zscaler/jobs/4779245007,2025-11-05T18:52:14Z,Not Applied
Technical Project Management-SkillBridge Intern,Zscaler,USA - Update Location,,https://job-boards.greenhouse.io/zscaler/jobs/4941045007,2025-11-05T18:52:14Z,Not Applied
Distinguished Engineer ,Okta,"New York, New York",,https://www.okta.com/company/careers/opportunity/6925175?gh_jid=6925175,2025-11-05T18:52:12Z,Not Applied
Federal Provisioning Analyst,Okta,"San Francisco, California",,https://www.okta.com/company/careers/opportunity/7370843?gh_jid=7370843,2025-11-05T18:52:12Z,Not Applied
IT Support Engineer,Okta,"Chicago, Illinois",,https://www.okta.com/company/careers/opportunity/7251087?gh_jid=7251087,2025-11-05T18:52:12Z,Not Applied
Product Marketing Specialist - Identity Management ,Okta,"Bellevue, Washington; Chicago, Illinois; Toronto, Ontario, Canada",,https://www.okta.com/company/careers/opportunity/7075089?gh_jid=7075089,2025-11-05T18:52:12Z,Not Applied
"Software Engineer, Device Assurance (Java)",Okta,"San Francisco, California",,https://www.okta.com/company/careers/opportunity/7301875?gh_jid=7301875,2025-11-05T18:52:12Z,Not Applied
"Solutions Engineer, Auth0",Okta,"Arizona; Bellevue, Washington; Colorado; San Francisco, California; Utah",,https://www.okta.com/company/careers/opportunity/6866598?gh_jid=6866598,2025-11-05T18:52:12Z,Not Applied
"Fullstack Engineer, Contributor Success ",Gitlab,"Remote, EMEA",,https://job-boards.greenhouse.io/gitlab/jobs/8219920002,2025-11-05T18:52:10Z,Not Applied
"Intermediate Backend Engineer (Golang), Application Security Testing: Composition Analysis",Gitlab,"Remote, EMEA; Remote, North America",,https://job-boards.greenhouse.io/gitlab/jobs/8174207002,2025-11-05T18:52:10Z,Not Applied
"Intermediate Backend Engineer (Golang), Monitor: Platform Insights",Gitlab,"Remote, APAC",,https://job-boards.greenhouse.io/gitlab/jobs/7916259002,2025-11-05T18:52:10Z,Not Applied
"Intermediate Backend Engineer (RoR), Security Risk Management: Platform Management",Gitlab,Remote,,https://job-boards.greenhouse.io/gitlab/jobs/8174779002,2025-11-05T18:52:10Z,Not Applied
"Intermediate Backend Engineer (RoR), Security Risk Management: Security Insights",Gitlab,"Remote, Canada; Remote, Israel; Remote, Netherlands; Remote, United Kingdom",,https://job-boards.greenhouse.io/gitlab/jobs/8174189002,2025-11-05T18:52:10Z,Not Applied
"Intermediate Backend Engineer (Ruby), Verify: CI Platform",Gitlab,"Remote, Canada; Remote, EMEA; Remote, Netherlands; Remote, United Kingdom",,https://job-boards.greenhouse.io/gitlab/jobs/8187023002,2025-11-05T18:52:10Z,Not Applied
"Intermediate Frontend Engineer (Vue.js), Plan: Product Planning ",Gitlab,Remote,,https://job-boards.greenhouse.io/gitlab/jobs/8199086002,2025-11-05T18:52:10Z,Not Applied
"Intermediate Fullstack Engineer (Ruby on Rails & Vue.js), Plan: Knowledge",Gitlab,"Remote, APAC; Remote, EMEA",,https://job-boards.greenhouse.io/gitlab/jobs/8157484002,2025-11-05T18:52:10Z,Not Applied
"Intermediate Fullstack Engineer (Ruby/Vue.js), AI Engineering, Custom Models",Gitlab,"Remote, Americas; Remote, EMEA",,https://job-boards.greenhouse.io/gitlab/jobs/8207075002,2025-11-05T18:52:10Z,Not Applied
"Intermediate Fullstack Engineer (Ruby/Vue.js), Analytics Instrumentation ",Gitlab,"Remote, Canada; Remote, EMEA; Remote, Europe; Remote, Netherlands; Remote, United Kingdom",,https://job-boards.greenhouse.io/gitlab/jobs/8161980002,2025-11-05T18:52:10Z,Not Applied
"Intermediate Fullstack Engineer (Ruby/Vue.js), Growth",Gitlab,"Remote, EMEA; Remote, Europe; Remote, Netherlands; Remote, United Kingdom",,https://job-boards.greenhouse.io/gitlab/jobs/8162062002,2025-11-05T18:52:10Z,Not Applied
"Intermediate Site Reliability Engineer, Database Operations",Gitlab,"Remote, Australia; Remote, Canada; Remote, New Zealand",,https://job-boards.greenhouse.io/gitlab/jobs/8092087002,2025-11-05T18:52:10Z,Not Applied
"Intermediate Site Reliability Engineer, Database Operations",Gitlab,"Remote, EMEA",,https://job-boards.greenhouse.io/gitlab/jobs/8199072002,2025-11-05T18:52:10Z,Not Applied
"Intermediate Site Reliability Engineer, GitLab Delivery - Release and Deploy",Gitlab,"Remote, EMEA",,https://job-boards.greenhouse.io/gitlab/jobs/8199059002,2025-11-05T18:52:10Z,Not Applied
"Intermediate Site Reliability Engineer, Networking and Incident Management",Gitlab,"Remote, APAC; Remote, EMEA",,https://job-boards.greenhouse.io/gitlab/jobs/8157437002,2025-11-05T18:52:10Z,Not Applied
Product Analyst,Gitlab,"Remote, EMEA; Remote, North America",,https://job-boards.greenhouse.io/gitlab/jobs/8195430002,2025-11-05T18:52:10Z,Not Applied
AI Revenue Operations Analyst - AMER,Gitlab,"Remote, Canada; Remote, US",,https://job-boards.greenhouse.io/gitlab/jobs/8192245002,2025-11-05T18:52:09Z,Not Applied
Assigned Support Engineer (Australia),Gitlab,"Remote, Australia",,https://job-boards.greenhouse.io/gitlab/jobs/8160427002,2025-11-05T18:52:09Z,Not Applied
"Associate Paralegal, Privacy",Gitlab,"Remote; Remote, EMEA; Remote, US",,https://job-boards.greenhouse.io/gitlab/jobs/8211141002,2025-11-05T18:52:09Z,Not Applied
"Associate Security Detection Engineer, Signals Engineering",Gitlab,"Remote, India",,https://job-boards.greenhouse.io/gitlab/jobs/8220878002,2025-11-05T18:52:09Z,Not Applied
Associate Support Engineer (AMER),Gitlab,"Remote, Americas",,https://job-boards.greenhouse.io/gitlab/jobs/8231973002,2025-11-05T18:52:09Z,Not Applied
"Data Analyst, Customer Intelligence",Gitlab,"Remote, North America",,https://job-boards.greenhouse.io/gitlab/jobs/8220407002,2025-11-05T18:52:09Z,Not Applied
"Control Plane - Self-Managed/ECK - Software Engineer II (Go, K8s)",Elastic,United States,,https://jobs.elastic.co/jobs?gh_jid=7360689&gh_jid=7360689,2025-11-05T18:52:05Z,Not Applied
"2026 - Data Engineering Intern, NYC",Mongodb,New York City,,https://www.mongodb.com/careers/job/?gh_jid=7335939,2025-11-05T18:52:03Z,Not Applied
"2026 - Operations Analyst Intern, NYC",Mongodb,New York City,,https://www.mongodb.com/careers/job/?gh_jid=7335929,2025-11-05T18:52:03Z,Not Applied
"2026 - Product and Technology Analytics Intern, NYC",Mongodb,New York City,,https://www.mongodb.com/careers/job/?gh_jid=7335949,2025-11-05T18:52:03Z,Not Applied
"2026 - Security Engineering Intern, Seattle",Mongodb,Seattle,,https://www.mongodb.com/careers/job/?gh_jid=7292747,2025-11-05T18:52:03Z,Not Applied
"2026 - Software Engineering Intern, AMER",Mongodb,Austin; New York City; Palo Alto; San Francisco; Seattle,,https://www.mongodb.com/careers/job/?gh_jid=7239454,2025-11-05T18:52:03Z,Not Applied
"2026 - Tax Intern, San Francisco",Mongodb,San Francisco,,https://www.mongodb.com/careers/job/?gh_jid=7335947,2025-11-05T18:52:03Z,Not Applied
"2026 - Technical Writer Intern, NYC",Mongodb,New York City,,https://www.mongodb.com/careers/job/?gh_jid=7292719,2025-11-05T18:52:03Z,Not Applied
"2026 - Ventures Intern, San Francisco",Mongodb,San Francisco,,https://www.mongodb.com/careers/job/?gh_jid=7335943,2025-11-05T18:52:03Z,Not Applied
Cloud Operations Engineer,Mongodb,Palo Alto; San Francisco,,https://www.mongodb.com/careers/job/?gh_jid=7368246,2025-11-05T18:52:03Z,Not Applied
Escalation Engineer,Mongodb,New York City; United States,,https://www.mongodb.com/careers/job/?gh_jid=7209916,2025-11-05T18:52:03Z,Not Applied
"Forward Deployed Engineer, AI",Mongodb,Austin; Boston; Chicago; New York City; San Francisco,,https://www.mongodb.com/careers/job/?gh_jid=7123769,2025-11-05T18:52:03Z,Not Applied
"Forward Deployed Engineer, AI",Mongodb,United States,,https://www.mongodb.com/careers/job/?gh_jid=7180116,2025-11-05T18:52:03Z,Not Applied
"Product Security Engineer, Server",Mongodb,New York City; United States,,https://www.mongodb.com/careers/job/?gh_jid=7134662,2025-11-05T18:52:03Z,Not Applied
Site Reliability Engineer 3,Mongodb,New York City,,https://www.mongodb.com/careers/job/?gh_jid=7145126,2025-11-05T18:52:03Z,Not Applied
Software Engineer 3,Mongodb,New York City,,https://www.mongodb.com/careers/job/?gh_jid=7373899,2025-11-05T18:52:03Z,Not Applied
"Software Engineer 3, Search Systems Replication & Routing",Mongodb,San Francisco,,https://www.mongodb.com/careers/job/?gh_jid=7235322,2025-11-05T18:52:03Z,Not Applied
"Compliance Specialist II, SOX Compliance",Pinterest,"San Francisco, CA, US; Remote, US",,https://www.pinterestcareers.com/jobs/?gh_jid=7264648,2025-11-05T18:52:01Z,Not Applied
"Fullstack Engineer, Front-End",Pinterest,"Mexico City, MX; Remote, MX",,https://www.pinterestcareers.com/jobs/?gh_jid=6236569,2025-11-05T18:52:01Z,Not Applied
Investor Relations Analyst,Pinterest,"San Francisco, CA, US",,https://www.pinterestcareers.com/jobs/?gh_jid=7299282,2025-11-05T18:52:01Z,Not Applied
"Machine Learning Engineer, Core Engineering",Pinterest,"San Francisco, CA, US; Palo Alto, CA, US; Seattle, WA, US; Remote, US",,https://www.pinterestcareers.com/jobs/?gh_jid=6121450,2025-11-05T18:52:01Z,Not Applied
"Machine Learning Engineer, Monetization Engineering",Pinterest,"San Francisco, CA, US; Palo Alto, CA, US; Seattle, WA, US",,https://www.pinterestcareers.com/jobs/?gh_jid=6121543,2025-11-05T18:52:01Z,Not Applied
Master's Data Science Internship 2026 (USA),Pinterest,"San Francisco, CA, US; Palo Alto, CA, US; Seattle, WA, US; New York, NY, US",,https://www.pinterestcareers.com/jobs/?gh_jid=7241588,2025-11-05T18:52:01Z,Not Applied
Master's Machine Learning Internship 2026 (USA),Pinterest,"San Francisco, CA, US; Palo Alto, CA, US; Seattle, WA, US; New York, NY, US",,https://www.pinterestcareers.com/jobs/?gh_jid=7210896,2025-11-05T18:52:01Z,Not Applied
PhD Machine Learning Internship 2026 (USA) ,Pinterest,"San Francisco, CA, US; Palo Alto, CA, US; Seattle, WA, US; New York, NY, US",,https://www.pinterestcareers.com/jobs/?gh_jid=7211004,2025-11-05T18:52:01Z,Not Applied
"	PhD University Grad Machine Learning Engineer 2026 (USA)",Pinterest,"San Francisco, CA, US; Palo Alto, CA, US; Seattle, WA, US",,https://www.pinterestcareers.com/jobs/?gh_jid=7252807,2025-11-05T18:52:01Z,Not Applied
Production Engineer II,Pinterest,"Remote, US",,https://www.pinterestcareers.com/jobs/?gh_jid=4987965,2025-11-05T18:52:01Z,Not Applied
"Software Engineer, Backend",Pinterest,"Mexico City, MX; Remote, MX",,https://www.pinterestcareers.com/jobs/?gh_jid=5039778,2025-11-05T18:52:01Z,Not Applied
" Software Engineer II, Full Stack",Pinterest,"Mexico City, MX; Remote, MX",,https://www.pinterestcareers.com/jobs/?gh_jid=6142084,2025-11-05T18:52:01Z,Not Applied
Software Engineer Intern 2026,Pinterest,"Seattle, WA, US",,https://www.pinterestcareers.com/jobs/?gh_jid=7241510,2025-11-05T18:52:01Z,Not Applied
Software Engineer Intern 2026,Pinterest,"San Francisco, CA, US; Palo Alto, CA, US",,https://www.pinterestcareers.com/jobs/?gh_jid=7210881,2025-11-05T18:52:01Z,Not Applied
Software Engineer Intern 2026 â€” Remote (US),Pinterest,"Remote, US",,https://www.pinterestcareers.com/jobs/?gh_jid=7202269,2025-11-05T18:52:01Z,Not Applied
"Sr Machine Learning Engineer, Applied Research Science ",Pinterest,"San Francisco, CA, US; Palo Alto, CA, US; Seattle, WA, US",,https://www.pinterestcareers.com/jobs/?gh_jid=6121464,2025-11-05T18:52:01Z,Not Applied
"Sr. Machine Learning Engineer, Computer Vision",Pinterest,"San Francisco, CA, US; Remote, US",,https://www.pinterestcareers.com/jobs/?gh_jid=6894747,2025-11-05T18:52:01Z,Not Applied
"Sr. Machine Learning Engineer/Economist, Ads Marketplace",Pinterest,"San Francisco, CA, US; Palo Alto, CA, US; Seattle, WA, US",,https://www.pinterestcareers.com/jobs/?gh_jid=7195341,2025-11-05T18:52:01Z,Not Applied
"Sr. Machine Learning Engineer, Monetization Engineering",Pinterest,"San Francisco, CA, US; Palo Alto, CA, US; Seattle, WA, US",,https://www.pinterestcareers.com/jobs/?gh_jid=6121551,2025-11-05T18:52:01Z,Not Applied
Sr. Programmatic Ads Sales Specialist,Pinterest,"Sydney, Australia",,https://www.pinterestcareers.com/jobs/?gh_jid=6978625,2025-11-05T18:52:01Z,Not Applied
Sr. Programmatic Tech Operations Specialist,Pinterest,"Sydney, Australia",,https://www.pinterestcareers.com/jobs/?gh_jid=6978603,2025-11-05T18:52:01Z,Not Applied
"Sr. Software Engineer, Backend",Pinterest,"Mexico City, MX; Remote, MX",,https://www.pinterestcareers.com/jobs/?gh_jid=6087228,2025-11-05T18:52:01Z,Not Applied
"Sr. Software Engineer, Full Stack",Pinterest,"Mexico City, MX; Remote, MX",,https://www.pinterestcareers.com/jobs/?gh_jid=6142105,2025-11-05T18:52:01Z,Not Applied
UX Quantitative Research Intern,Pinterest,"Remote, US",,https://www.pinterestcareers.com/jobs/?gh_jid=7253124,2025-11-05T18:52:01Z,Not Applied
B2B Marketing Operations Analyst (Contract) ,Instacart,"Canada - Remote (ON, AB, BC, or NS Only)",,https://instacart.careers/job/?gh_jid=7365643,2025-11-05T18:51:59Z,Not Applied
B2B Marketing Operations Analyst (Contract) ,Instacart,United States - Remote,,https://instacart.careers/job/?gh_jid=7365641,2025-11-05T18:51:59Z,Not Applied
Benefits Program Coordinator,Instacart,United States - Remote,,https://instacart.careers/job/?gh_jid=7368896,2025-11-05T18:51:59Z,Not Applied
Business Systems Analyst II - Order to Cash (O2C),Instacart,United States - Remote,,https://instacart.careers/job/?gh_jid=7284371,2025-11-05T18:51:59Z,Not Applied
Data Analyst Contractor,Instacart,United States - Remote,,https://instacart.careers/job/?gh_jid=6803798,2025-11-05T18:51:59Z,Not Applied
Marketing Financial Analyst,Instacart,United States - Remote,,https://instacart.careers/job/?gh_jid=7272625,2025-11-05T18:51:59Z,Not Applied
People Technology Specialist,Instacart,United States - Remote,,https://instacart.careers/job/?gh_jid=7374108,2025-11-05T18:51:59Z,Not Applied
Sales Associate,Instacart,NYC - Remote,,https://instacart.careers/job/?gh_jid=6530366,2025-11-05T18:51:59Z,Not Applied
Sales Associate,Instacart,Chicago OR Denver - Remote,,https://instacart.careers/job/?gh_jid=7052991,2025-11-05T18:51:59Z,Not Applied
Sales Operations Analyst,Instacart,United States - Remote,,https://instacart.careers/job/?gh_jid=7274590,2025-11-05T18:51:59Z,Not Applied
Software Engineer II,Instacart,"Canada - Remote (ON, AB, BC, or NS Only)",,https://instacart.careers/job/?gh_jid=6209738,2025-11-05T18:51:59Z,Not Applied
"Software Engineer II-  Frontend, Core Experience ",Instacart,"Canada - Remote (ON, AB, BC, or NS Only)",,https://instacart.careers/job/?gh_jid=6907655,2025-11-05T18:51:59Z,Not Applied
"Software Engineer II, Paid MarTech",Instacart," Canada - Remote (ON, AB or BC Only)",,https://instacart.careers/job/?gh_jid=6461659,2025-11-05T18:51:59Z,Not Applied
Workforce Project Management Analyst,Instacart,United States - Remote,,https://instacart.careers/job/?gh_jid=7217031,2025-11-05T18:51:59Z,Not Applied
AI Engineer - FDE (Forward Deployed Engineer),Databricks,Remote - India,,https://databricks.com/company/careers/open-positions/job?gh_jid=8099751002,2025-11-05T18:51:56Z,Not Applied
AI Engineer - FDE (Forward Deployed Engineer),Databricks,Remote - United Kingdom,,https://databricks.com/company/careers/open-positions/job?gh_jid=8207123002,2025-11-05T18:51:56Z,Not Applied
AI Engineer - FDE (Forward Deployed Engineer),Databricks,Remote - Germany,,https://databricks.com/company/careers/open-positions/job?gh_jid=8228769002,2025-11-05T18:51:56Z,Not Applied
AI Engineer - FDE (Forward Deployed Engineer),Databricks,Remote - France,,https://databricks.com/company/careers/open-positions/job?gh_jid=8228763002,2025-11-05T18:51:56Z,Not Applied
AI Engineer - FDE (Forward Deployed Engineer),Databricks,Remote - Netherlands,,https://databricks.com/company/careers/open-positions/job?gh_jid=8228759002,2025-11-05T18:51:56Z,Not Applied
AI Engineer - FDE (Forward Deployed Engineer),Databricks,United States,,https://databricks.com/company/careers/open-positions/job?gh_jid=8024010002,2025-11-05T18:51:56Z,Not Applied
"Analyst, Professional Services Operations (Business Outcomes)",Databricks,United States,,https://databricks.com/company/careers/open-positions/job?gh_jid=8231134002,2025-11-05T18:51:56Z,Not Applied
Data Science Intern (2026 Start),Databricks,"Mountain View, California; San Francisco, California",,https://databricks.com/company/careers/open-positions/job?gh_jid=6866538002,2025-11-05T18:51:56Z,Not Applied
Data Scientist - New Grad (2026 Start),Databricks,"Mountain View, California; San Francisco, California",,https://databricks.com/company/careers/open-positions/job?gh_jid=6866554002,2025-11-05T18:51:56Z,Not Applied
Developer Advocate - Neon,Databricks,"San Francisco, California",,https://databricks.com/company/careers/open-positions/job?gh_jid=8124845002,2025-11-05T18:51:56Z,Not Applied
Developer Advocate - Neon,Databricks,"San Francisco, California",,https://databricks.com/company/careers/open-positions/job?gh_jid=8124849002,2025-11-05T18:51:56Z,Not Applied
Ecosystem Sales Associate,Databricks,"New York City, New York",,https://databricks.com/company/careers/open-positions/job?gh_jid=8081025002,2025-11-05T18:51:56Z,Not Applied
Forward Deployed Engineer (FDE),Databricks,United States,,https://databricks.com/company/careers/open-positions/job?gh_jid=8216469002,2025-11-05T18:51:56Z,Not Applied
PhD GenAI Research Scientist Intern,Databricks,"San Francisco, California",,https://databricks.com/company/careers/open-positions/job?gh_jid=7011263002,2025-11-05T18:51:56Z,Not Applied
Physical Security Engineer,Databricks,"Mountain View, California; San Francisco, California",,https://databricks.com/company/careers/open-positions/job?gh_jid=7993207002,2025-11-05T18:51:56Z,Not Applied
Product Design Intern,Databricks,"Seattle, Washington",,https://databricks.com/company/careers/open-positions/job?gh_jid=8143588002,2025-11-05T18:51:56Z,Not Applied
Product Management Intern (Summer 2026),Databricks,"Bellevue, Washington; Mountain View, California; San Francisco, California",,https://databricks.com/company/careers/open-positions/job?gh_jid=6883068002,2025-11-05T18:51:56Z,Not Applied
Product Security Engineer,Databricks,United States,,https://databricks.com/company/careers/open-positions/job?gh_jid=8026646002,2025-11-05T18:51:56Z,Not Applied
Protective Intelligence Analyst,Databricks,"London, United Kingdom; Mountain View, California; New York City, New York; San Francisco, California; Washington, D.C.",,https://databricks.com/company/careers/open-positions/job?gh_jid=7903890002,2025-11-05T18:51:56Z,Not Applied
Software Engineer - Backend,Databricks,"Aarhus, Denmark",,https://databricks.com/company/careers/open-positions/job?gh_jid=7737233002,2025-11-05T18:51:56Z,Not Applied
Software Engineer - GenAI inference ,Databricks,"San Francisco, California",,https://databricks.com/company/careers/open-positions/job?gh_jid=8202670002,2025-11-05T18:51:56Z,Not Applied
Software Engineering Intern (2026),Databricks,"Bellevue, Washington; Mountain View, California; San Francisco, California; Vancouver, Canada",,https://databricks.com/company/careers/open-positions/job?gh_jid=6865687002,2025-11-05T18:51:56Z,Not Applied
Software Engineering Intern (2026 Start) - Aarhus,Databricks,"Aarhus, Denmark",,https://databricks.com/company/careers/open-positions/job?gh_jid=8133710002,2025-11-05T18:51:56Z,Not Applied
Software Engineer - New Grad (2026 Start),Databricks,"Bellevue, Washington; Mountain View, California; San Francisco, California; Vancouver, Canada",,https://databricks.com/company/careers/open-positions/job?gh_jid=6865698002,2025-11-05T18:51:56Z,Not Applied
Software Engineer - New Grad (2026 Start) - Aarhus,Databricks,"Aarhus, Denmark",,https://databricks.com/company/careers/open-positions/job?gh_jid=8133691002,2025-11-05T18:51:56Z,Not Applied
Software Engineer -  Systems PhD Candidates,Databricks,"Mountain View, California; San Francisco, California",,https://databricks.com/company/careers/open-positions/job?gh_jid=6875433002,2025-11-05T18:51:56Z,Not Applied
Software Engineer - Systems PhD Candidates ,Databricks,"Bellevue, Washington; Seattle, Washington",,https://databricks.com/company/careers/open-positions/job?gh_jid=7649293002,2025-11-05T18:51:56Z,Not Applied
Solutions Engineer,Databricks,"New York City, New York",,https://databricks.com/company/careers/open-positions/job?gh_jid=8223189002,2025-11-05T18:51:56Z,Not Applied
Sr. Big Data Engineer,Databricks,Remote - India,,https://databricks.com/company/careers/open-positions/job?gh_jid=7968899002,2025-11-05T18:51:56Z,Not Applied
Sr. Executive & Equity Compensation Analyst,Databricks,"Mountain View, California; San Francisco, California",,https://databricks.com/company/careers/open-positions/job?gh_jid=8024692002,2025-11-05T18:51:56Z,Not Applied
Sr. Financial Analyst,Databricks,"Mountain View, California; San Francisco, California",,https://databricks.com/company/careers/open-positions/job?gh_jid=8122924002,2025-11-05T18:51:56Z,Not Applied
Sr. Machine Learning Engineer ,Databricks,"San Francisco, California",,https://databricks.com/company/careers/open-positions/job?gh_jid=7276195002,2025-11-05T18:51:56Z,Not Applied
Sr Security Assurance Engineer,Databricks,Remote - India,,https://databricks.com/company/careers/open-positions/job?gh_jid=8221756002,2025-11-05T18:51:56Z,Not Applied
"Sr Security Engineer, Incident Response",Databricks,United States,,https://databricks.com/company/careers/open-positions/job?gh_jid=8153870002,2025-11-05T18:51:56Z,Not Applied
Sr. Software Engineer - Backend,Databricks,"Aarhus, Denmark",,https://databricks.com/company/careers/open-positions/job?gh_jid=7643201002,2025-11-05T18:51:56Z,Not Applied
Sr. Software Engineer - Performance ,Databricks,"San Francisco, California",,https://databricks.com/company/careers/open-positions/job?gh_jid=6569772002,2025-11-05T18:51:56Z,Not Applied
Sr. Solutions Engineer,Databricks,"Melbourne, Australia",,https://databricks.com/company/careers/open-positions/job?gh_jid=8059387002,2025-11-05T18:51:56Z,Not Applied
Sr. Solutions Engineer,Databricks,"Queensland, Australia",,https://databricks.com/company/careers/open-positions/job?gh_jid=8114828002,2025-11-05T18:51:56Z,Not Applied
Sr. Solutions Engineer,Databricks,Remote - Italy,,https://databricks.com/company/careers/open-positions/job?gh_jid=8161774002,2025-11-05T18:51:56Z,Not Applied
"Sr. Solutions Engineer - Communications, Media, Entertainment and Gaming ",Databricks,"New York City, New York",,https://databricks.com/company/careers/open-positions/job?gh_jid=8206229002,2025-11-05T18:51:56Z,Not Applied
"Sr. Solutions Engineer - Communications, Media, Entertainment and Gaming ",Databricks,"Chicago, Illinois",,https://databricks.com/company/careers/open-positions/job?gh_jid=8206231002,2025-11-05T18:51:56Z,Not Applied
"Sr. Technical Marketing Engineer, Unity Catalog",Databricks,United States,,https://databricks.com/company/careers/open-positions/job?gh_jid=8027299002,2025-11-05T18:51:56Z,Not Applied
UX Research Intern,Databricks,"Seattle, Washington",,https://databricks.com/company/careers/open-positions/job?gh_jid=8143590002,2025-11-05T18:51:56Z,Not Applied
AI Sales Engineer,Rubrik,"Chicago, IL",,https://www.rubrik.com/company/careers/departments/job.7301696?gh_jid=7301696,2025-11-05T18:51:54Z,Not Applied
Enterprise Sales Engineer,Rubrik,"Seattle, WA",,https://www.rubrik.com/company/careers/departments/job.7287781?gh_jid=7287781,2025-11-05T18:51:54Z,Not Applied
GTM Operations Analyst,Rubrik,"Austin, TX",,https://www.rubrik.com/company/careers/departments/job.7339721?gh_jid=7339721,2025-11-05T18:51:54Z,Not Applied
"Sales Engineer, Cloud Product Line Specialist",Rubrik,Western United States,,https://www.rubrik.com/company/careers/departments/job.7128542?gh_jid=7128542,2025-11-05T18:51:54Z,Not Applied
"Sales Engineer, Cloud Product Line Specialist",Rubrik,Western US,,https://www.rubrik.com/company/careers/departments/job.6988304?gh_jid=6988304,2025-11-05T18:51:54Z,Not Applied
"Software Engineer - SaaS, Cloud & EDP",Rubrik,"US -Palo Alto, CA ",,https://www.rubrik.com/company/careers/departments/job.7344808?gh_jid=7344808,2025-11-05T18:51:54Z,Not Applied
" Sr. Sales Engineer, Federal Civilian ",Rubrik,"Washington, DC, Remote",,https://www.rubrik.com/company/careers/departments/job.6925577?gh_jid=6925577,2025-11-05T18:51:54Z,Not Applied
"Sr. Sales Engineer, GA geor",Rubrik,"Atlanta, Georgia ",,https://www.rubrik.com/company/careers/departments/job.7175919?gh_jid=7175919,2025-11-05T18:51:54Z,Not Applied
Strategic Sales Engineer,Rubrik,San Francisco Bay Area,,https://www.rubrik.com/company/careers/departments/job.6942780?gh_jid=6942780,2025-11-05T18:51:54Z,Not Applied
"Analyst, Tech Controls",Coinbase,Remote - USA,,https://www.coinbase.com/careers/positions/6105978?gh_jid=6105978,2025-11-05T18:51:51Z,Not Applied
"Associate, Base Ecosystem",Coinbase,Remote - USA,,https://www.coinbase.com/careers/positions/7244052?gh_jid=7244052,2025-11-05T18:51:51Z,Not Applied
"Associate, Corporate Development (Integration)",Coinbase,Remote - USA,,https://www.coinbase.com/careers/positions/6932070?gh_jid=6932070,2025-11-05T18:51:51Z,Not Applied
"Associate General Counsel, Institutional Legal",Coinbase,Remote - UK,,https://www.coinbase.com/careers/positions/7258574?gh_jid=7258574,2025-11-05T18:51:51Z,Not Applied
"Associate, Prime Operations",Coinbase,Remote - USA,,https://www.coinbase.com/careers/positions/7271649?gh_jid=7271649,2025-11-05T18:51:51Z,Not Applied
Brand Partnerships Marketing Intern,Coinbase,"Hybrid - New York, NY",,https://www.coinbase.com/careers/positions/7336815?gh_jid=7336815,2025-11-05T18:51:51Z,Not Applied
Complaints Analyst III,Coinbase,Remote - Canada,,https://www.coinbase.com/careers/positions/7227285?gh_jid=7227285,2025-11-05T18:51:51Z,Not Applied
Complaints Analyst III,Coinbase,Remote - Luxembourg,,https://www.coinbase.com/careers/positions/7182062?gh_jid=7182062,2025-11-05T18:51:51Z,Not Applied
Compliance Associate,Coinbase,Remote - UK,,https://www.coinbase.com/careers/positions/7356199?gh_jid=7356199,2025-11-05T18:51:51Z,Not Applied
Compliance QA Analyst III,Coinbase,Remote - Ireland,,https://www.coinbase.com/careers/positions/7336532?gh_jid=7336532,2025-11-05T18:51:51Z,Not Applied
Creative Studio Marketing Intern,Coinbase,"Hybrid - New York, NY",,https://www.coinbase.com/careers/positions/7336618?gh_jid=7336618,2025-11-05T18:51:51Z,Not Applied
Creator Marketing Intern,Coinbase,"Hybrid - New York, NY",,https://www.coinbase.com/careers/positions/7336641?gh_jid=7336641,2025-11-05T18:51:51Z,Not Applied
Credit Risk Intern,Coinbase,"Hybrid - New York, NY",,https://www.coinbase.com/careers/positions/7343003?gh_jid=7343003,2025-11-05T18:51:51Z,Not Applied
CX Incident and Bug Analyst,Coinbase,Remote - Singapore,,https://www.coinbase.com/careers/positions/7300810?gh_jid=7300810,2025-11-05T18:51:51Z,Not Applied
CX Incident and Bug Analyst III,Coinbase,Remote - USA,,https://www.coinbase.com/careers/positions/7302348?gh_jid=7302348,2025-11-05T18:51:51Z,Not Applied
EDD Compliance QA Analyst IV,Coinbase,Remote - UK,,https://www.coinbase.com/careers/positions/7140867?gh_jid=7140867,2025-11-05T18:51:51Z,Not Applied
Employee & Workplace Experience Intern,Coinbase,"Hybrid - New York, NY",,https://www.coinbase.com/careers/positions/7307242?gh_jid=7307242,2025-11-05T18:51:51Z,Not Applied
Finance Operations Intern,Coinbase,Remote - Ireland,,https://www.coinbase.com/careers/positions/7323540?gh_jid=7323540,2025-11-05T18:51:51Z,Not Applied
Finance Operations Intern,Coinbase,"Hybrid - New York, NY",,https://www.coinbase.com/careers/positions/7309381?gh_jid=7309381,2025-11-05T18:51:51Z,Not Applied
FP&A Intern,Coinbase,"Hybrid - New York, NY",,https://www.coinbase.com/careers/positions/7309375?gh_jid=7309375,2025-11-05T18:51:51Z,Not Applied
HR M&A Intern,Coinbase,"Hybrid - New York, NY",,https://www.coinbase.com/careers/positions/7308793?gh_jid=7308793,2025-11-05T18:51:51Z,Not Applied
Institutional Sales Associate,Coinbase,Remote - USA,,https://www.coinbase.com/careers/positions/7235232?gh_jid=7235232,2025-11-05T18:51:51Z,Not Applied
Internal Audit Intern,Coinbase,"Hybrid - New York, NY",,https://www.coinbase.com/careers/positions/7309401?gh_jid=7309401,2025-11-05T18:51:51Z,Not Applied
Internal Audit Intern,Coinbase,Remote - Luxembourg; Remote - UK,,https://www.coinbase.com/careers/positions/7322937?gh_jid=7322937,2025-11-05T18:51:51Z,Not Applied
Internal Audit IT Analyst,Coinbase,Remote - USA,,https://www.coinbase.com/careers/positions/7255828?gh_jid=7255828,2025-11-05T18:51:51Z,Not Applied
Machine Learning Engineer Intern,Coinbase,Hybrid - San Francisco,,https://www.coinbase.com/careers/positions/7294075?gh_jid=7294075,2025-11-05T18:51:51Z,Not Applied
"Offensive Security Engineer, Assessments (Web3)",Coinbase,Remote - USA,,https://www.coinbase.com/careers/positions/6995309?gh_jid=6995309,2025-11-05T18:51:51Z,Not Applied
Onchain Data Analyst & Researcher,Coinbase,Remote - USA,,https://www.coinbase.com/careers/positions/6863656?gh_jid=6863656,2025-11-05T18:51:51Z,Not Applied
"Payments Risk Analyst II, Operations",Coinbase,Remote - USA,,https://www.coinbase.com/careers/positions/7367625?gh_jid=7367625,2025-11-05T18:51:51Z,Not Applied
Payments Risk Intern,Coinbase,"Hybrid - New York, NY",,https://www.coinbase.com/careers/positions/7318455?gh_jid=7318455,2025-11-05T18:51:51Z,Not Applied
Policy Intern,Coinbase,Remote - UK,,https://www.coinbase.com/careers/positions/7322262?gh_jid=7322262,2025-11-05T18:51:51Z,Not Applied
Proactive Customer Success Specialist,Coinbase,Remote - Ireland,,https://www.coinbase.com/careers/positions/7361748?gh_jid=7361748,2025-11-05T18:51:51Z,Not Applied
Proactive Customer Success Specialist,Coinbase,Remote - Singapore,,https://www.coinbase.com/careers/positions/7361753?gh_jid=7361753,2025-11-05T18:51:51Z,Not Applied
Product Design Intern,Coinbase,Hybrid - San Francisco,,https://www.coinbase.com/careers/positions/7325051?gh_jid=7325051,2025-11-05T18:51:51Z,Not Applied
Product Marketing Intern,Coinbase,"Hybrid - New York, NY",,https://www.coinbase.com/careers/positions/7336645?gh_jid=7336645,2025-11-05T18:51:51Z,Not Applied
Real Estate & Builds Intern,Coinbase,"Hybrid - New York, NY",,https://www.coinbase.com/careers/positions/7308758?gh_jid=7308758,2025-11-05T18:51:51Z,Not Applied
"Sales, Trading, & Prime Intern",Coinbase,"Hybrid - New York, NY",,https://www.coinbase.com/careers/positions/7309371?gh_jid=7309371,2025-11-05T18:51:51Z,Not Applied
Software Engineer,Coinbase,Remote - USA,,https://www.coinbase.com/careers/positions/6233713?gh_jid=6233713,2025-11-05T18:51:51Z,Not Applied
"Software Engineer, Backend (Advanced Trading Team)",Coinbase,Remote - Singapore,,https://www.coinbase.com/careers/positions/7351487?gh_jid=7351487,2025-11-05T18:51:51Z,Not Applied
"Software Engineer, Backend - AI Tools DevX",Coinbase,Remote - USA,,https://www.coinbase.com/careers/positions/7075311?gh_jid=7075311,2025-11-05T18:51:51Z,Not Applied
"Software Engineer, Backend - Blockchain Platform ",Coinbase,Remote - Canada,,https://www.coinbase.com/careers/positions/7059313?gh_jid=7059313,2025-11-05T18:51:51Z,Not Applied
"Software Engineer, Backend - Blockchain Platform ",Coinbase,Remote - USA,,https://www.coinbase.com/careers/positions/7059317?gh_jid=7059317,2025-11-05T18:51:51Z,Not Applied
"Software Engineer, Backend - Blockchain Platform (Blockchain Data Platform)",Coinbase,Remote - Canada,,https://www.coinbase.com/careers/positions/7059316?gh_jid=7059316,2025-11-05T18:51:51Z,Not Applied
"Software Engineer, Backend - Blockchain Platform (Blockchain Data Platform)",Coinbase,Remote - USA,,https://www.coinbase.com/careers/positions/7088264?gh_jid=7088264,2025-11-05T18:51:51Z,Not Applied
"Software Engineer, Backend - Blockchain Platform (Blockchain Enablement)",Coinbase,Remote - USA,,https://www.coinbase.com/careers/positions/7233872?gh_jid=7233872,2025-11-05T18:51:51Z,Not Applied
"Software Engineer, Backend - Blockchain Platform (Staking Data)",Coinbase,Remote - Canada,,https://www.coinbase.com/careers/positions/7337063?gh_jid=7337063,2025-11-05T18:51:51Z,Not Applied
"Software Engineer, Backend - Blockchain Platform (Staking Data)",Coinbase,Remote - USA,,https://www.coinbase.com/careers/positions/7337062?gh_jid=7337062,2025-11-05T18:51:51Z,Not Applied
" Software Engineer, Backend - Blockchain Platform (Staking Platform)",Coinbase,Remote - USA,,https://www.coinbase.com/careers/positions/7094719?gh_jid=7094719,2025-11-05T18:51:51Z,Not Applied
"Software Engineer, Backend - Blockchain Platform (Tracer Team)",Coinbase,Remote - Canada,,https://www.coinbase.com/careers/positions/7338795?gh_jid=7338795,2025-11-05T18:51:51Z,Not Applied
"Software Engineer, Backend - Blockchain Platform (Tracer Team)",Coinbase,Remote - USA,,https://www.coinbase.com/careers/positions/7338809?gh_jid=7338809,2025-11-05T18:51:51Z,Not Applied
"Software Engineer, Backend - Blockchain Platform (Wallets)",Coinbase,Remote - Canada,,https://www.coinbase.com/careers/positions/7316840?gh_jid=7316840,2025-11-05T18:51:51Z,Not Applied
"Software Engineer, Backend - Blockchain Platform (Wallets)",Coinbase,Remote - USA,,https://www.coinbase.com/careers/positions/7326905?gh_jid=7326905,2025-11-05T18:51:51Z,Not Applied
"Software Engineer, Backend  (Consumer - Coinbase Card)",Coinbase,Remote - USA,,https://www.coinbase.com/careers/positions/6535287?gh_jid=6535287,2025-11-05T18:51:51Z,Not Applied
"Software Engineer, Backend (Consumer - Coinbase One)",Coinbase,Remote - USA,,https://www.coinbase.com/careers/positions/7135188?gh_jid=7135188,2025-11-05T18:51:51Z,Not Applied
"Software Engineer, Backend  (Consumer - Growth)",Coinbase,Remote - USA,,https://www.coinbase.com/careers/positions/6650914?gh_jid=6650914,2025-11-05T18:51:51Z,Not Applied
"Software Engineer, Backend (Consumer - Growth)",Coinbase,Remote - Canada,,https://www.coinbase.com/careers/positions/6650921?gh_jid=6650921,2025-11-05T18:51:51Z,Not Applied
"Software Engineer, Backend - (Consumer - Products)",Coinbase,Remote - Canada,,https://www.coinbase.com/careers/positions/5961451?gh_jid=5961451,2025-11-05T18:51:51Z,Not Applied
"Software Engineer, Backend (Consumer - Stablecoin)",Coinbase,Remote - Canada,,https://www.coinbase.com/careers/positions/6570379?gh_jid=6570379,2025-11-05T18:51:51Z,Not Applied
"Software Engineer, Backend (Consumer - Stablecoin)",Coinbase,Remote - USA,,https://www.coinbase.com/careers/positions/5948501?gh_jid=5948501,2025-11-05T18:51:51Z,Not Applied
"Software Engineer, Backend  (Consumer - Trading)",Coinbase,Remote - USA,,https://www.coinbase.com/careers/positions/6812261?gh_jid=6812261,2025-11-05T18:51:51Z,Not Applied
"Software Engineer, Backend  (Consumer - Trading)",Coinbase,Remote - Canada,,https://www.coinbase.com/careers/positions/6869392?gh_jid=6869392,2025-11-05T18:51:51Z,Not Applied
"Software Engineer, Backend - DevX Server Foundations",Coinbase,Remote - USA,,https://www.coinbase.com/careers/positions/7097428?gh_jid=7097428,2025-11-05T18:51:51Z,Not Applied
"Software Engineer, Backend - Financial Hub",Coinbase,Remote - USA,,https://www.coinbase.com/careers/positions/7009446?gh_jid=7009446,2025-11-05T18:51:51Z,Not Applied
"Software Engineer, Backend (Institutional - Markets, Derivatives)",Coinbase,Remote - USA,,https://www.coinbase.com/careers/positions/6968491?gh_jid=6968491,2025-11-05T18:51:51Z,Not Applied
"Software Engineer, Backend (Platform - Core Automation)",Coinbase,Remote - USA,,https://www.coinbase.com/careers/positions/7364902?gh_jid=7364902,2025-11-05T18:51:51Z,Not Applied
"Software Engineer, Backend (Platform - Core Automation)",Coinbase,Remote - Canada,,https://www.coinbase.com/careers/positions/7365275?gh_jid=7365275,2025-11-05T18:51:51Z,Not Applied
"Software Engineer, Backend (Platform - Identity)",Coinbase,Remote - USA,,https://www.coinbase.com/careers/positions/5948429?gh_jid=5948429,2025-11-05T18:51:51Z,Not Applied
"Software Engineer, Blockchain Platform (Staking Validators)",Coinbase,Remote - Canada,,https://www.coinbase.com/careers/positions/7338853?gh_jid=7338853,2025-11-05T18:51:51Z,Not Applied
"Software Engineer, Blockchain Platform (Staking Validators)",Coinbase,Remote - USA,,https://www.coinbase.com/careers/positions/7114605?gh_jid=7114605,2025-11-05T18:51:51Z,Not Applied
"Software Engineer, Frontend",Coinbase,Remote - Singapore,,https://www.coinbase.com/careers/positions/6893916?gh_jid=6893916,2025-11-05T18:51:51Z,Not Applied
"Software Engineer, Frontend (Advanced Trading Team) ",Coinbase,Remote - Singapore,,https://www.coinbase.com/careers/positions/7351678?gh_jid=7351678,2025-11-05T18:51:51Z,Not Applied
"Software Engineer, Frontend - Canada POD",Coinbase,Remote - Canada,,https://www.coinbase.com/careers/positions/5961235?gh_jid=5961235,2025-11-05T18:51:51Z,Not Applied
"Software Engineer, Frontend (Coinbase One)",Coinbase,Remote - Canada,,https://www.coinbase.com/careers/positions/6222470?gh_jid=6222470,2025-11-05T18:51:51Z,Not Applied
"Software Engineer, Frontend (Consumer - Coinbase One)",Coinbase,Remote - USA,,https://www.coinbase.com/careers/positions/7135192?gh_jid=7135192,2025-11-05T18:51:51Z,Not Applied
"Software Engineer, Frontend (Consumer - Growth)",Coinbase,Remote - Canada,,https://www.coinbase.com/careers/positions/6652883?gh_jid=6652883,2025-11-05T18:51:51Z,Not Applied
"Software Engineer, Frontend - Consumer Products ",Coinbase,Remote - Canada,,https://www.coinbase.com/careers/positions/5961369?gh_jid=5961369,2025-11-05T18:51:51Z,Not Applied
"Software Engineer, Frontend (Consumer - Trading)",Coinbase,Remote - USA,,https://www.coinbase.com/careers/positions/6821664?gh_jid=6821664,2025-11-05T18:51:51Z,Not Applied
"Software Engineer, Frontend (Consumer - Trust and Loyalty)",Coinbase,Remote - USA,,https://www.coinbase.com/careers/positions/5948954?gh_jid=5948954,2025-11-05T18:51:51Z,Not Applied
"Software Engineer, Frontend - Developer Experience",Coinbase,Remote - USA,,https://www.coinbase.com/careers/positions/7075489?gh_jid=7075489,2025-11-05T18:51:51Z,Not Applied
"Software Engineer, Frontend - Risk Platform ",Coinbase,Remote - USA,,https://www.coinbase.com/careers/positions/7289100?gh_jid=7289100,2025-11-05T18:51:51Z,Not Applied
"Software Engineer, Frontend - Risk Platform ",Coinbase,Remote - Canada,,https://www.coinbase.com/careers/positions/7288968?gh_jid=7288968,2025-11-05T18:51:51Z,Not Applied
"Software Engineer, Frontend (Trust and Loyalty)",Coinbase,Remote - Canada,,https://www.coinbase.com/careers/positions/6204422?gh_jid=6204422,2025-11-05T18:51:51Z,Not Applied
"Software Engineer, Full Stack (EAA)",Coinbase,Remote - USA,,https://www.coinbase.com/careers/positions/6652031?gh_jid=6652031,2025-11-05T18:51:51Z,Not Applied
"Software Engineer, Infrastructure - Platform (Compute)",Coinbase,Remote - USA,,https://www.coinbase.com/careers/positions/6305997?gh_jid=6305997,2025-11-05T18:51:51Z,Not Applied
"Software Engineer, Infrastructure - Platform (Compute)",Coinbase,Remote - Canada,,https://www.coinbase.com/careers/positions/6305998?gh_jid=6305998,2025-11-05T18:51:51Z,Not Applied
"Software Engineer, Infrastructure (Platform Developer Experience - Release)",Coinbase,Remote - USA,,https://www.coinbase.com/careers/positions/6423028?gh_jid=6423028,2025-11-05T18:51:51Z,Not Applied
"Software Engineer, Infrastructure ( Platform DevX - Cloud Provisioning)",Coinbase,Remote - USA,,https://www.coinbase.com/careers/positions/5949636?gh_jid=5949636,2025-11-05T18:51:51Z,Not Applied
Software Engineer Intern,Coinbase,"Hybrid - New York, NY; Hybrid - San Francisco",,https://www.coinbase.com/careers/positions/7268895?gh_jid=7268895,2025-11-05T18:51:51Z,Not Applied
"Software Engineer, Machine Learning Platform Engineer ",Coinbase,Remote - USA,,https://www.coinbase.com/careers/positions/7137833?gh_jid=7137833,2025-11-05T18:51:51Z,Not Applied
"Software Engineer, Machine Learning Platform Engineer (Platform)",Coinbase,Remote - USA,,https://www.coinbase.com/careers/positions/7311430?gh_jid=7311430,2025-11-05T18:51:51Z,Not Applied
"Software Engineer, Security",Coinbase,Remote - Canada,,https://www.coinbase.com/careers/positions/7348433?gh_jid=7348433,2025-11-05T18:51:51Z,Not Applied
"Software Engineer, Security",Coinbase,Remote - USA,,https://www.coinbase.com/careers/positions/7348432?gh_jid=7348432,2025-11-05T18:51:51Z,Not Applied
Strategic Sourcing Intern,Coinbase,"Hybrid - New York, NY",,https://www.coinbase.com/careers/positions/7315887?gh_jid=7315887,2025-11-05T18:51:51Z,Not Applied
Talent Density Program Intern,Coinbase,"Hybrid - New York, NY",,https://www.coinbase.com/careers/positions/7317503?gh_jid=7317503,2025-11-05T18:51:51Z,Not Applied
Talent Sourcing Intern,Coinbase,"Hybrid - New York, NY",,https://www.coinbase.com/careers/positions/7358074?gh_jid=7358074,2025-11-05T18:51:51Z,Not Applied
Tax Information Reporting Intern,Coinbase,"Hybrid - New York, NY",,https://www.coinbase.com/careers/positions/7317551?gh_jid=7317551,2025-11-05T18:51:51Z,Not Applied
Tax Operations Intern,Coinbase,"Hybrid - New York, NY",,https://www.coinbase.com/careers/positions/7317491?gh_jid=7317491,2025-11-05T18:51:51Z,Not Applied
TMS Compliance Analyst 4,Coinbase,Remote - Ireland,,https://www.coinbase.com/careers/positions/7078204?gh_jid=7078204,2025-11-05T18:51:51Z,Not Applied
TMS Compliance Analyst 4,Coinbase,Remote - UK,,https://www.coinbase.com/careers/positions/7078159?gh_jid=7078159,2025-11-05T18:51:51Z,Not Applied
TMS Compliance QA Analyst IV,Coinbase,Remote - USA,,https://www.coinbase.com/careers/positions/7128918?gh_jid=7128918,2025-11-05T18:51:51Z,Not Applied
Transaction Monitoring Compliance QA Analyst IV,Coinbase,Remote - UK,,https://www.coinbase.com/careers/positions/7140861?gh_jid=7140861,2025-11-05T18:51:51Z,Not Applied
U.S. Compliance Associate,Coinbase,Remote - USA,,https://www.coinbase.com/careers/positions/7350148?gh_jid=7350148,2025-11-05T18:51:51Z,Not Applied
User Researcher Intern,Coinbase,Hybrid - San Francisco,,https://www.coinbase.com/careers/positions/7269775?gh_jid=7269775,2025-11-05T18:51:51Z,Not Applied
"Analyst II, Full Stack",Affirm,Remote Poland,,https://job-boards.greenhouse.io/affirm/jobs/7500688003,2025-11-05T18:51:49Z,Not Applied
"Analyst II, Growth Analytics (Checkout) ",Affirm,Remote Canada,,https://job-boards.greenhouse.io/affirm/jobs/7491118003,2025-11-05T18:51:49Z,Not Applied
Business Development Associate,Affirm,Remote US,,https://job-boards.greenhouse.io/affirm/jobs/7516800003,2025-11-05T18:51:49Z,Not Applied
"Distinguished Software Engineer, Architecture (Checkout)",Affirm,Remote US,,https://job-boards.greenhouse.io/affirm/jobs/6628106003,2025-11-05T18:51:49Z,Not Applied
"Distinguished Software Engineer, Architecture (Checkout)",Affirm,Remote Canada,,https://job-boards.greenhouse.io/affirm/jobs/6628108003,2025-11-05T18:51:49Z,Not Applied
"Distinguished Software Engineer, Architecture (Infrastructure)",Affirm,Remote Canada,,https://job-boards.greenhouse.io/affirm/jobs/7479699003,2025-11-05T18:51:49Z,Not Applied
"Distinguished Software Engineer, Architecture (Infrastructure)",Affirm,Remote US,,https://job-boards.greenhouse.io/affirm/jobs/7479697003,2025-11-05T18:51:49Z,Not Applied
Quantitative Analyst II,Affirm,Remote US,,https://job-boards.greenhouse.io/affirm/jobs/7386523003,2025-11-05T18:51:49Z,Not Applied
Software Engineer,Affirm,Remote US,,https://job-boards.greenhouse.io/affirm/jobs/7499741003,2025-11-05T18:51:49Z,Not Applied
"Software Engineer II, Backend (Checkout)",Affirm,Remote Canada,,https://job-boards.greenhouse.io/affirm/jobs/6781882003,2025-11-05T18:51:49Z,Not Applied
"Software Engineer II, Backend (CI/CD)",Affirm,Remote US,,https://job-boards.greenhouse.io/affirm/jobs/7497148003,2025-11-05T18:51:49Z,Not Applied
"Software Engineer II, Backend (CI/CD)",Affirm,Remote Canada,,https://job-boards.greenhouse.io/affirm/jobs/7497150003,2025-11-05T18:51:49Z,Not Applied
"Software Engineer II, Backend (Financial Platforms)",Affirm,Remote Spain,,https://job-boards.greenhouse.io/affirm/jobs/7119446003,2025-11-05T18:51:49Z,Not Applied
"Software Engineer II, Backend (Financial Platforms)",Affirm,Remote Poland,,https://job-boards.greenhouse.io/affirm/jobs/7119444003,2025-11-05T18:51:49Z,Not Applied
"Software Engineer II, Back-end (Financial Platforms Engineering)",Affirm,Remote Poland,,https://job-boards.greenhouse.io/affirm/jobs/6937024003,2025-11-05T18:51:49Z,Not Applied
"Software Engineer II, Back-end (Financial Platforms Engineering)",Affirm,Remote Spain,,https://job-boards.greenhouse.io/affirm/jobs/6937026003,2025-11-05T18:51:49Z,Not Applied
"Software Engineer II, Backend (Furnishing Platform)",Affirm,Remote Spain,,https://job-boards.greenhouse.io/affirm/jobs/6993315003,2025-11-05T18:51:49Z,Not Applied
"Software Engineer II, Backend (Furnishing Platform)",Affirm,Remote Poland,,https://job-boards.greenhouse.io/affirm/jobs/6993317003,2025-11-05T18:51:49Z,Not Applied
"Software Engineer II, Backend (Money Movement)",Affirm,"Chicago, Illinois, United States; Remote US",,https://job-boards.greenhouse.io/affirm/jobs/7443040003,2025-11-05T18:51:49Z,Not Applied
"Software Engineer II, Backend (Platform Reliability)  ",Affirm,Remote Poland,,https://job-boards.greenhouse.io/affirm/jobs/6686520003,2025-11-05T18:51:49Z,Not Applied
"Software Engineer II, Backend (Platform Reliability)  ",Affirm,Remote Spain,,https://job-boards.greenhouse.io/affirm/jobs/6686518003,2025-11-05T18:51:49Z,Not Applied
"Software Engineer II, Frontend (Checkout Experience International)",Affirm,Remote Poland,,https://job-boards.greenhouse.io/affirm/jobs/6688436003,2025-11-05T18:51:49Z,Not Applied
"Software Engineer II, Frontend (Checkout Experience International)",Affirm,Remote Spain,,https://job-boards.greenhouse.io/affirm/jobs/6688434003,2025-11-05T18:51:49Z,Not Applied
"Strategic Finance Analyst II (Revenue, Marketplace)",Affirm,Remote Canada,,https://job-boards.greenhouse.io/affirm/jobs/7486157003,2025-11-05T18:51:49Z,Not Applied
"Strategic Finance Analyst II (Revenue, Marketplace)",Affirm,Remote US,,https://job-boards.greenhouse.io/affirm/jobs/7486155003,2025-11-05T18:51:49Z,Not Applied
"Strategic Finance Analyst II (Revenue, SMB)",Affirm,Remote US,,https://job-boards.greenhouse.io/affirm/jobs/7486151003,2025-11-05T18:51:49Z,Not Applied
"Strategic Finance Analyst II (Revenue, SMB)",Affirm,Remote Canada,,https://job-boards.greenhouse.io/affirm/jobs/7486153003,2025-11-05T18:51:49Z,Not Applied
"Analyst I, Credit",Affirm,Remote UK,,https://job-boards.greenhouse.io/affirm/jobs/7503103003,2025-11-05T18:51:48Z,Not Applied
"Analyst I, Full Stack",Affirm,Remote Spain,,https://job-boards.greenhouse.io/affirm/jobs/6786782003,2025-11-05T18:51:48Z,Not Applied
"Analyst II, Fraud Analytics",Affirm,Remote US,,https://job-boards.greenhouse.io/affirm/jobs/6667621003,2025-11-05T18:51:48Z,Not Applied
"Analyst II, Full Stack",Affirm,Remote Poland,,https://job-boards.greenhouse.io/affirm/jobs/7175622003,2025-11-05T18:51:48Z,Not Applied
"Analyst II, Full Stack",Affirm,Remote US,,https://job-boards.greenhouse.io/affirm/jobs/7386513003,2025-11-05T18:51:48Z,Not Applied
"Analyst II, Full Stack",Affirm,Remote US,,https://job-boards.greenhouse.io/affirm/jobs/7499981003,2025-11-05T18:51:48Z,Not Applied
Android Engineer,Robinhood,"New York, NY",,https://boards.greenhouse.io/robinhood/jobs/6669758?t=gh_src=&gh_jid=6669758,2025-11-05T18:51:46Z,Not Applied
Brokerage Operations Intern (Summer 2026),Robinhood,"Chicago, IL; Denver, CO; New York, NY",,https://boards.greenhouse.io/robinhood/jobs/7158345?t=gh_src=&gh_jid=7158345,2025-11-05T18:51:46Z,Not Applied
Brokerage Risk Analyst Intern (Summer 2026),Robinhood,"Chicago, IL; Denver, CO; New York, NY",,https://boards.greenhouse.io/robinhood/jobs/7158347?t=gh_src=&gh_jid=7158347,2025-11-05T18:51:46Z,Not Applied
Corporate Actions Specialist,Robinhood,"Chicago, IL; Lake Mary, FL",,https://boards.greenhouse.io/robinhood/jobs/7292070?t=gh_src=&gh_jid=7292070,2025-11-05T18:51:46Z,Not Applied
"Data Science Analyst, Corporate Strategy",Robinhood,"Chicago, IL; Menlo Park, CA; New York, NY",,https://boards.greenhouse.io/robinhood/jobs/7226101?t=gh_src=&gh_jid=7226101,2025-11-05T18:51:46Z,Not Applied
Enterprise Risk Management Intern,Robinhood,"Menlo Park, CA; New York, NY",,https://boards.greenhouse.io/robinhood/jobs/7155936?t=gh_src=&gh_jid=7155936,2025-11-05T18:51:46Z,Not Applied
Financial Compliance Intern (Summer 2026),Robinhood,"Menlo Park, CA; New York, NY",,https://boards.greenhouse.io/robinhood/jobs/7155945?t=gh_src=&gh_jid=7155945,2025-11-05T18:51:46Z,Not Applied
"Full Stack Engineer, Credit Cards & Banking",Robinhood,"Menlo Park, CA; New York, NY",,https://boards.greenhouse.io/robinhood/jobs/7341387?t=gh_src=&gh_jid=7341387,2025-11-05T18:51:46Z,Not Applied
Internal Audit Intern,Robinhood,"Chicago, IL; Menlo Park, CA",,https://boards.greenhouse.io/robinhood/jobs/7155943?t=gh_src=&gh_jid=7155943,2025-11-05T18:51:46Z,Not Applied
"iOS Engineer, Credit Cards & Banking",Robinhood,"Bellevue, WA; Menlo Park, CA; New York, NY",,https://boards.greenhouse.io/robinhood/jobs/7026567?t=gh_src=&gh_jid=7026567,2025-11-05T18:51:46Z,Not Applied
Margin Specialist,Robinhood,"Chicago, IL; Denver, CO; Lake Mary, FL; New York, NY",,https://boards.greenhouse.io/robinhood/jobs/7376441?t=gh_src=&gh_jid=7376441,2025-11-05T18:51:46Z,Not Applied
Market Operations Associate - Options,Robinhood,"Chicago, IL; Denver, CO; Lake Mary, FL; New York, NY",,https://boards.greenhouse.io/robinhood/jobs/7362926?t=gh_src=&gh_jid=7362926,2025-11-05T18:51:46Z,Not Applied
" Market Operations Specialist (Overnight)",Robinhood,"Chicago, IL; Denver, CO; Lake Mary, FL",,https://boards.greenhouse.io/robinhood/jobs/7255773?t=gh_src=&gh_jid=7255773,2025-11-05T18:51:46Z,Not Applied
"Software Backend Engineer, Credit Cards & Banking Platform",Robinhood,"Bellevue, WA; Menlo Park, CA; New York, NY",,https://boards.greenhouse.io/robinhood/jobs/7022255?t=gh_src=&gh_jid=7022255,2025-11-05T18:51:46Z,Not Applied
"Software Engineer, Backend",Robinhood,"Menlo Park, CA; New York, NY",,https://boards.greenhouse.io/robinhood/jobs/7263592?t=gh_src=&gh_jid=7263592,2025-11-05T18:51:46Z,Not Applied
Strategy & Operations Intern (Summer 2026),Robinhood,"Menlo Park, CA; New York, NY",,https://boards.greenhouse.io/robinhood/jobs/7155007?t=gh_src=&gh_jid=7155007,2025-11-05T18:51:46Z,Not Applied
Treasury Operations Specialist,Robinhood,"Chicago, IL; Lake Mary, FL; New York, NY",,https://boards.greenhouse.io/robinhood/jobs/7243632?t=gh_src=&gh_jid=7243632,2025-11-05T18:51:46Z,Not Applied
Graduate Applied Science Intern,Twitch,"San Francisco, CA",,https://job-boards.greenhouse.io/twitch/jobs/8204076002,2025-11-05T18:51:44Z,Not Applied
Software Development Engineer,Twitch,"San Francisco, CA",,https://job-boards.greenhouse.io/twitch/jobs/8228056002,2025-11-05T18:51:44Z,Not Applied
Software Engineer,Twitch,"Seattle, WA",,https://job-boards.greenhouse.io/twitch/jobs/8186269002,2025-11-05T18:51:44Z,Not Applied
Software Engineer I,Twitch,"San Francisco, CA",,https://job-boards.greenhouse.io/twitch/jobs/8217817002,2025-11-05T18:51:44Z,Not Applied
Software Engineer I- Ad Demand,Twitch,"San Francisco, CA",,https://job-boards.greenhouse.io/twitch/jobs/7982361002,2025-11-05T18:51:44Z,Not Applied
"Software Engineer I, Frontend",Twitch,"San Francisco, CA",,https://job-boards.greenhouse.io/twitch/jobs/8230925002,2025-11-05T18:51:44Z,Not Applied
Software Engineer II,Twitch,"Seattle, WA",,https://job-boards.greenhouse.io/twitch/jobs/8207639002,2025-11-05T18:51:44Z,Not Applied
Software Engineer II,Twitch,"San Francisco, CA",,https://job-boards.greenhouse.io/twitch/jobs/8205883002,2025-11-05T18:51:44Z,Not Applied
Software Engineer II,Twitch,"San Francisco, CA",,https://job-boards.greenhouse.io/twitch/jobs/8180481002,2025-11-05T18:51:44Z,Not Applied
"Software Engineer II, ML Infra",Twitch,"San Francisco, CA",,https://job-boards.greenhouse.io/twitch/jobs/8219251002,2025-11-05T18:51:44Z,Not Applied
"Software Engineer, ML Products",Twitch,"San Francisco, CA",,https://job-boards.greenhouse.io/twitch/jobs/8183360002,2025-11-05T18:51:44Z,Not Applied
Sr. Software Engineering Mgr,Twitch,"Seattle, WA",,https://job-boards.greenhouse.io/twitch/jobs/8189836002,2025-11-05T18:51:44Z,Not Applied
Sr. Software Engineering Mgr,Twitch,"San Francisco, CA",,https://job-boards.greenhouse.io/twitch/jobs/8188228002,2025-11-05T18:51:44Z,Not Applied
"Sr. Software Engineer, ML Infra",Twitch,"San Francisco, CA",,https://job-boards.greenhouse.io/twitch/jobs/8231339002,2025-11-05T18:51:44Z,Not Applied
Undergrad Community Specialist Intern,Twitch,"San Francisco, CA",,https://job-boards.greenhouse.io/twitch/jobs/8230943002,2025-11-05T18:51:44Z,Not Applied
Undergrad Security Engineering Intern,Twitch,"San Francisco, CA",,https://job-boards.greenhouse.io/twitch/jobs/8216024002,2025-11-05T18:51:44Z,Not Applied
Undergrad Social Media Intern,Twitch,"San Francisco, CA",,https://job-boards.greenhouse.io/twitch/jobs/8216058002,2025-11-05T18:51:44Z,Not Applied
Undergrad Software Engineering Intern,Twitch,"San Francisco, CA",,https://job-boards.greenhouse.io/twitch/jobs/8174019002,2025-11-05T18:51:44Z,Not Applied
Android Tooling Engineer,Lyft,"San Francisco, CA",,https://app.careerpuck.com/job-board/lyft/job/8210177002?gh_jid=8210177002,2025-11-05T18:51:42Z,Not Applied
Autonomous Vehicle Safety & Compliance Engineer,Lyft,"New York, NY",,https://app.careerpuck.com/job-board/lyft/job/8155142002?gh_jid=8155142002,2025-11-05T18:51:42Z,Not Applied
Autonomous Vehicle Safety & Compliance Engineer,Lyft,"San Francisco, CA",,https://app.careerpuck.com/job-board/lyft/job/8155036002?gh_jid=8155036002,2025-11-05T18:51:42Z,Not Applied
Data Analyst Intern (Summer 2026),Lyft,"New York, NY",,https://app.careerpuck.com/job-board/lyft/job/8168727002?gh_jid=8168727002,2025-11-05T18:51:42Z,Not Applied
Data Engineer Intern (Summer 2026),Lyft,"San Francisco, CA",,https://app.careerpuck.com/job-board/lyft/job/8218030002?gh_jid=8218030002,2025-11-05T18:51:42Z,Not Applied
"Data Science Intern, Algorithms (Summer 2026)",Lyft,"San Francisco, CA",,https://app.careerpuck.com/job-board/lyft/job/8134376002?gh_jid=8134376002,2025-11-05T18:51:42Z,Not Applied
"Data Science Intern, Algorithms (Summer 2026)",Lyft,"New York, NY",,https://app.careerpuck.com/job-board/lyft/job/8151190002?gh_jid=8151190002,2025-11-05T18:51:42Z,Not Applied
"iOS Engineer, Mobile Foundations",Lyft,"San Francisco, CA",,https://app.careerpuck.com/job-board/lyft/job/8181338002?gh_jid=8181338002,2025-11-05T18:51:42Z,Not Applied
"Software Engineer Intern, Mobile iOS (Summer 2026)",Lyft,"San Francisco, CA",,https://app.careerpuck.com/job-board/lyft/job/8215921002?gh_jid=8215921002,2025-11-05T18:51:42Z,Not Applied
"Software Engineer, Lyft Ads ",Lyft,"New York, NY",,https://app.careerpuck.com/job-board/lyft/job/8187854002?gh_jid=8187854002,2025-11-05T18:51:42Z,Not Applied
"Software Engineer, Rider",Lyft,"San Francisco, CA",,https://app.careerpuck.com/job-board/lyft/job/8193572002?gh_jid=8193572002,2025-11-05T18:51:42Z,Not Applied
"Software Engineer, Routing",Lyft,"New York, NY",,https://app.careerpuck.com/job-board/lyft/job/8153109002?gh_jid=8153109002,2025-11-05T18:51:42Z,Not Applied
Associate Paralegal,Airbnb,"San Francisco, United States ",,https://careers.airbnb.com/positions/7251401?gh_jid=7251401,2025-11-05T18:51:40Z,Not Applied
"iOS Software Engineer, Guest & Host",Airbnb,"Remote, USA",,https://careers.airbnb.com/positions/7336167?gh_jid=7336167,2025-11-05T18:51:40Z,Not Applied
"Legal Intern, Australia",Airbnb,"Sydney, Australia",,https://careers.airbnb.com/positions/7254205?gh_jid=7254205,2025-11-05T18:51:40Z,Not Applied
Market Associate,Airbnb,"Georgia, United States, Florida, United States",,https://careers.airbnb.com/positions/7374323?gh_jid=7374323,2025-11-05T18:51:40Z,Not Applied
AMER Sales Strategy and Operations Analyst,Stripe,"US Chicago, US Remote",,https://stripe.com/jobs/search?gh_jid=7245456,2025-11-05T18:51:37Z,Not Applied
"Android Engineer, OS Platform",Stripe,"San Francisco, Remote in US, Remote in Canada",,https://stripe.com/jobs/search?gh_jid=7243475,2025-11-05T18:51:37Z,Not Applied
"Android Engineer, Terminal Commerce Experience",Stripe,"Toronto, Remote in Canada",,https://stripe.com/jobs/search?gh_jid=7243948,2025-11-05T18:51:37Z,Not Applied
"Backend/API Engineer, Money as a Service",Stripe,US,,https://stripe.com/jobs/search?gh_jid=6176758,2025-11-05T18:51:37Z,Not Applied
"Backend Engineer/API, Payments and Risk",Stripe,"Toronto, Canada Remote",,https://stripe.com/jobs/search?gh_jid=6692166,2025-11-05T18:51:37Z,Not Applied
"Backend Engineer/API, Payments and Risk (US)",Stripe,US,,https://stripe.com/jobs/search?gh_jid=6163230,2025-11-05T18:51:37Z,Not Applied
"Backend Engineer, Core Tech, Canada",Stripe,"Toronto, CAN-Remote",,https://stripe.com/jobs/search?gh_jid=6567253,2025-11-05T18:51:37Z,Not Applied
"Backend Engineer, Core Technology",Stripe,"Seattle, San Francisco, US-Remote",,https://stripe.com/jobs/search?gh_jid=6042172,2025-11-05T18:51:37Z,Not Applied
"Backend Engineer, Revenue and Financial Automation",Stripe,"Toronto, CAN-Remote",,https://stripe.com/jobs/search?gh_jid=7217048,2025-11-05T18:51:37Z,Not Applied
Broadcast Engineer,Stripe,"San Francisco, CA ",,https://stripe.com/jobs/search?gh_jid=6632309,2025-11-05T18:51:37Z,Not Applied
Broadcast Engineer,Stripe,"San Francisco, Seattle",,https://stripe.com/jobs/search?gh_jid=7281231,2025-11-05T18:51:37Z,Not Applied
Business Partner Analyst,Stripe,"US, Chicago Only",,https://stripe.com/jobs/search?gh_jid=5986232,2025-11-05T18:51:37Z,Not Applied
"Compensation Partner, Product & Engineering",Stripe,"NYC, San Francisco, Seattle",,https://stripe.com/jobs/search?gh_jid=7203552,2025-11-05T18:51:37Z,Not Applied
Corporate Development & Ventures Associate,Stripe,"US-SF, US-NYC",,https://stripe.com/jobs/search?gh_jid=7276891,2025-11-05T18:51:37Z,Not Applied
"Credit Operations Analyst, Commercial Credit",Stripe,"Remote, US",,https://stripe.com/jobs/search?gh_jid=7025026,2025-11-05T18:51:37Z,Not Applied
"Credit Risk Strategy Analyst, Portfolio and Policy Management",Stripe,"Toronto, Remote in Canada",,https://stripe.com/jobs/search?gh_jid=7095463,2025-11-05T18:51:37Z,Not Applied
Data Analyst,Stripe,US,,https://stripe.com/jobs/search?gh_jid=5601881,2025-11-05T18:51:37Z,Not Applied
"Data Analyst, Communications & Policy",Stripe,US-Remote,,https://stripe.com/jobs/search?gh_jid=7292227,2025-11-05T18:51:37Z,Not Applied
"Design Engineer, Presence",Stripe,"US Remote, Canada",,https://stripe.com/jobs/search?gh_jid=7144975,2025-11-05T18:51:37Z,Not Applied
"Developer Experience Engineer, Privy",Stripe,"NYC-Privy, US-Remote",,https://stripe.com/jobs/search?gh_jid=7104344,2025-11-05T18:51:37Z,Not Applied
Finance & Strategy Analyst,Stripe,"South San Francisco, Seattle, New York",,https://stripe.com/jobs/search?gh_jid=5890119,2025-11-05T18:51:37Z,Not Applied
"Forward Deployed Engineer, Privy",Stripe,New York Privy HQ,,https://stripe.com/jobs/search?gh_jid=7230452,2025-11-05T18:51:37Z,Not Applied
"Full Stack Engineer, Managed Operations",Stripe,"Seattle, New York City ",,https://stripe.com/jobs/search?gh_jid=7271571,2025-11-05T18:51:37Z,Not Applied
"Integration Engineer, Stablecoin",Stripe,United States,,https://stripe.com/jobs/search?gh_jid=7155907,2025-11-05T18:51:37Z,Not Applied
"Integration Reliability Engineer, Technical Operations, Cards",Stripe,"Toronto, Remote in Canada",,https://stripe.com/jobs/search?gh_jid=7353393,2025-11-05T18:51:37Z,Not Applied
"Integration Reliability Engineer, Technical Operations, Local Payment Methods",Stripe,"Toronto, Remote in Canada",,https://stripe.com/jobs/search?gh_jid=7286378,2025-11-05T18:51:37Z,Not Applied
"Machine Learning Engineer, Foundation Model",Stripe,US - San Francisco; Seattle; New York City,,https://stripe.com/jobs/search?gh_jid=7275014,2025-11-05T18:51:37Z,Not Applied
"Machine Learning Engineer, Identity Product",Stripe,"San Francisco, Seattle",,https://stripe.com/jobs/search?gh_jid=6363655,2025-11-05T18:51:37Z,Not Applied
"Machine Learning Engineer, Payments ML Accelerator",Stripe,Seattle; San Francisco; New York City,,https://stripe.com/jobs/search?gh_jid=7079044,2025-11-05T18:51:37Z,Not Applied
"Machine Learning Engineer, Supportability",Stripe,San Francisco or Seattle,,https://stripe.com/jobs/search?gh_jid=7176812,2025-11-05T18:51:37Z,Not Applied
" Monetization Services Analyst",Stripe,US-SEA,,https://stripe.com/jobs/search?gh_jid=7246905,2025-11-05T18:51:37Z,Not Applied
People Operations Specialist,Stripe,"Chicago, Atlanta",,https://stripe.com/jobs/search?gh_jid=7344529,2025-11-05T18:51:37Z,Not Applied
"People Operations Specialist, Accommodations",Stripe,"Chicago, Atlanta",,https://stripe.com/jobs/search?gh_jid=7356161,2025-11-05T18:51:37Z,Not Applied
"PhD Machine Learning Engineer, Intern",Stripe,"San Francisco, New York City, Seattle",,https://stripe.com/jobs/search?gh_jid=7216664,2025-11-05T18:51:37Z,Not Applied
"PhD Machine Learning Engineer, New Grad",Stripe,"San Francisco, New York City, Seattle",,https://stripe.com/jobs/search?gh_jid=7216668,2025-11-05T18:51:37Z,Not Applied
Recruiting People Systems Engineer,Stripe,"Toronto, US - Remote (California)",,https://stripe.com/jobs/search?gh_jid=7360620,2025-11-05T18:51:37Z,Not Applied
Risk Operations Analyst,Stripe,"Remote, United States ",,https://stripe.com/jobs/search?gh_jid=5950076,2025-11-05T18:51:37Z,Not Applied
Risk Operations Analyst,Stripe,Remote,,https://stripe.com/jobs/search?gh_jid=7230921,2025-11-05T18:51:37Z,Not Applied
Sales Development Associate,Stripe,"Chicago, Illinois",,https://stripe.com/jobs/search?gh_jid=6570253,2025-11-05T18:51:37Z,Not Applied
" Security Investigations Analyst",Stripe,"Remote, North America",,https://stripe.com/jobs/search?gh_jid=7137787,2025-11-05T18:51:37Z,Not Applied
"Software Engineer, Intern (Summer and Winter)",Stripe,"San Francisco, Seattle, New York City",,https://stripe.com/jobs/search?gh_jid=7210115,2025-11-05T18:51:37Z,Not Applied
"Software Engineer, New Grad",Stripe,"San Francisco, Seattle",,https://stripe.com/jobs/search?gh_jid=7210112,2025-11-05T18:51:37Z,Not Applied
"Software Engineer, Security Accelerate ",Stripe,Remote,,https://stripe.com/jobs/search?gh_jid=7351461,2025-11-05T18:51:37Z,Not Applied
Strategic Pursuits Specialist,Stripe,"SF, Chicago, NYC, US Remote",,https://stripe.com/jobs/search?gh_jid=6683108,2025-11-05T18:51:37Z,Not Applied
"Strategy & Operations Analyst, Product Sales",Stripe,"Chi, ATL, US-Remote",,https://stripe.com/jobs/search?gh_jid=7308388,2025-11-05T18:51:37Z,Not Applied
"Technical Operations, Integration Reliability Engineer, Link",Stripe,"Seattle, San Francisco, Remote (North America)",,https://stripe.com/jobs/search?gh_jid=7138269,2025-11-05T18:51:37Z,Not Applied
"Treasury Finance Specialist, Americas",Stripe,New York City,,https://stripe.com/jobs/search?gh_jid=7275262,2025-11-05T18:51:37Z,Not Applied
University Recruiting & Programs Coordinator (Fixed Term Contract),Stripe,San Francisco,,https://stripe.com/jobs/search?gh_jid=7335666,2025-11-05T18:51:37Z,Not Applied
